{"cameraMode":{"drawMode":0,"name":"Shaded","section":"Shading Mode"},"sceneLighting":true,"audioPlay":false,"sceneViewState":{"m_AlwaysRefresh":false,"showFog":true,"showSkybox":true,"showFlares":true,"showImageEffects":true,"showParticleSystems":true,"showVisualEffectGraphs":true,"m_FxEnabled":true},"in2DMode":false,"pivot":{"x":-15.28079605102539,"y":103.56271362304688,"z":-73.3581314086914},"rotation":{"x":-0.0027820260729640724,"y":-0.9961084127426148,"z":-0.08205433934926987,"w":0.03348319232463837},"size":79.53014373779297,"orthographic":false}